feature,importance
Freq_Intensity_Product,0.18798700787769188
Intensity_Level_encoded_Diff_1,0.06568794721371247
Intensity_Level_encoded_Diff_7,0.0472697045010623
Freq_Intensity_Product_Diff_7,0.045759725139362765
Freq_Intensity_Product_Diff_1,0.04442757723254123
Freq_Intensity_Product_Rolling_3d_Min,0.026217297393778014
Intensity_Level_encoded_Rolling_3d_Std,0.025817498939186768
Intensity_Level_encoded_Rolling_3d_Mean,0.023763808651760008
Intensity_Level_encoded_Rolling_3d_Max,0.01829153757075474
Risk_Indicator_Freq,0.015687326667664626
Intensity_Level_encoded_Rolling_3d_Min,0.012973149598735145
Freq_Intensity_Product_Rolling_3d_Max,0.012292788510844463
Freq_Intensity_Product_Rolling_3d_Std,0.010975547403802808
Freq_Intensity_Product_Rolling_3d_Mean,0.009918132776672587
Intensity_Level_encoded_Rolling_7d_Std,0.00847456256371488
Cumulative_Energy_Density_Diff_1,0.007301292139721115
Energy_per_Volume_log,0.005984687113254797
Freq_Intensity_Product_Lag_1,0.005765098371870309
Event_freq_unit_per_day_log,0.005425805449890172
Freq_Intensity_Product_Lag_7,0.004994641973478033
Freq_Intensity_Product_Lag_2,0.004896507361045941
Intensity_Level_encoded_Lag_1,0.004595642012833568
Energy_per_Volume_log_Diff_7,0.00449118212180032
Energy_density_Joule_sqr,0.004337867828916398
Freq_Intensity_Product_Rolling_7d_Mean,0.0036890976779551405
Intensity_Level_encoded_Lag_2,0.003602655365780341
Event_freq_unit_per_day_log_Diff_1,0.0035473140041899147
Energy_density_Joule_sqr_Diff_7,0.003233525072401215
Volume_m3_per_day_sqr,0.0032126090054754464
Freq_Intensity_Product_Rolling_7d_Min,0.0032075941833189774
Intensity_Level_encoded_Rolling_7d_Mean,0.003146156213054226
Intensity_Level_encoded_Lag_7,0.003062217083044488
Energy_density_Joule_sqr_Diff_1,0.002982429875519411
Volume_m3_per_day_sqr_Diff_1,0.002797266615713523
Energy_per_Volume_log_Diff_1,0.0027333913906444473
Volume_Energy_Stability_Ratio_Diff_1,0.002675393518493188
Intensity_Level_encoded_Rolling_14d_Std,0.00266635128075554
Cumulative_Energy_Density_Rolling_3d_Std,0.002602376451287819
Intensity_Level_encoded_Rolling_14d_Mean,0.002453023992408991
Intensity_Level_encoded_Rolling_7d_Min,0.002285397927903269
Energy_Joule_per_day_sqr,0.002213477988633238
Geological_Stability_Index,0.002181454817997041
Event_freq_unit_per_day_log_Lag_1,0.00212977147352724
Freq_Intensity_Product_Rolling_7d_Max,0.00198776125402906
Intensity_Level_encoded_Rolling_30d_Std,0.001976172158402962
Intensity_Level_encoded_Rolling_7d_Max,0.0018369856021379538
Freq_Intensity_Product_Rolling_7d_Std,0.001695999521134525
Volume_Daily_Ratio,0.001611387815328308
Energy_per_Volume_log_Rolling_3d_Mean,0.0015694326669146049
Freq_Intensity_Product_Rolling_14d_Mean,0.0015589039153396979
Energy_Volume_Ratio_Enhanced_Rolling_3d_Min,0.0015019336648734235
Energy_density_Joule_sqr_Rolling_3d_Mean,0.0014944384814841124
Volume_Daily_Ratio_Diff_7,0.0014651309422526232
Event_freq_unit_per_day_log_Diff_7,0.0014612895539318886
Volume_Energy_Stability_Ratio,0.001447603657712714
Stress_Accumulation_Rate,0.0014067716902670037
Volume_Change_Rate_Rolling_14d_Mean,0.0014010388852005017
Energy_density_Joule_sqr_Rolling_7d_Std,0.001399509966907228
Total_Daily_Energy_Ratio_Diff_1,0.0013231570209690487
Cumulative_Energy_Density_Diff_7,0.0013169776093349692
Energy_density_Joule_sqr_Lag_1,0.0012606926046300087
Energy_Joule_per_day_sqr_Lag_2,0.0012575568603113538
Duration_days_Rolling_7d_Std,0.0012396807184823196
Total_Daily_Energy_Ratio_Lag_2,0.0012377815368272362
Energy_per_Volume_log_Rolling_3d_Min,0.0012284765859133188
Freq_Intensity_Product_Rolling_30d_Mean,0.0012191296210600682
Energy_Unit_log_Rolling_7d_Mean,0.0011977867712056934
Volume_m3_per_day_sqr_Diff_7,0.001194311934970193
Event_freq_unit_per_day_log_Rolling_3d_Std,0.0011904611780538855
Energy_Joule_per_day_sqr_Rolling_3d_Std,0.0011864815232492491
Cumulative_Volume_Rolling_7d_Std,0.00117941633440485
Volume_Energy_Stability_Ratio_Rolling_3d_Max,0.0011738611866328782
High_Frequency_Events,0.0011660684105582364
Energy_Release_Rate_Rolling_3d_Mean,0.0011647617832581804
Energy_Normalized_By_Volume_Rolling_3d_Max,0.0011566234473193646
Volume_Energy_Stability_Ratio_Diff_7,0.0011386267633425081
Total_Daily_Energy_Ratio,0.001134498907949211
Energy_Normalized_By_Volume,0.0011321372577507826
Event_freq_unit_per_day_log_Lag_2,0.0011319790980129358
Energy_Deviation_From_Median_Rolling_7d_Mean,0.0011304585933878384
Energy_density_Joule_sqr_Lag_7,0.0011259577534851214
Volume_Change_Rate_Lag_3,0.0011253798854979908
Event_freq_unit_per_day_log_Lag_7,0.0011252732694833519
Energy_per_Volume_log_Rolling_7d_Std,0.0011185116185096061
Volume_Energy_Stability_Ratio_Rolling_3d_Min,0.0011183018196177323
Volume_Daily_Ratio_Lag_3,0.0011102871791480336
Volume_Daily_Ratio_Rolling_14d_Std,0.0010947830213676433
Energy_Normalized_By_Volume_Diff_1,0.0010930860245891819
Energy_Volume_Ratio_Enhanced_Diff_1,0.0010854784658547393
Energy_Release_Rate_Lag_7,0.0010788013556676153
Volume_Efficiency_Per_Day,0.0010761296136890816
High_Energy_Density_Flag,0.001064044174030987
Volume_m3_per_day_sqr_Rolling_14d_Std,0.0010609599916392974
Energy_density_Joule_sqr_Rolling_3d_Min,0.0010574360921315655
Duration_days_Rolling_3d_Max,0.001056098895088188
Energy_Deviation_From_Median_Rolling_3d_Std,0.00105518662582168
Volume_Daily_Ratio_Rolling_3d_Std,0.0010513753791687357
Energy_Efficiency_Per_Day_Rolling_3d_Std,0.0010501729388660644
Volume_Energy_Stability_Ratio_Rolling_3d_Std,0.0010455123632965798
Energy_Release_Rate_Rolling_30d_Std,0.0010423739166170304
Energy_density_Joule_sqr_Rolling_14d_Min,0.0010409884875399135
Volume_Daily_Ratio_Diff_1,0.001039173297991959
Volume_Change_Rate_Diff_7,0.0010380003037373565
Event_freq_unit_per_day_log_Rolling_3d_Max,0.0010372747175551528
Energy_Efficiency_Per_Day_Rolling_14d_Mean,0.001021521381887638
Energy_per_Volume_log_Lag_2,0.0010195075351818645
Energy_Joule_per_day_sqr_Diff_1,0.0010171457846540354
Volume_Efficiency_Per_Day_Rolling_7d_Mean,0.0010169870058044492
Duration_days_Rolling_3d_Std,0.0010088098739181265
Energy_Volume_Ratio_Enhanced_Rolling_3d_Std,0.0010087057347913106
Volume_Energy_Stability_Ratio_Rolling_30d_Mean,0.0010027556329724185
Energy_density_Joule_sqr_Rolling_14d_Std,0.0010019756101298904
Volume_Energy_Stability_Ratio_Rolling_30d_Std,0.001001876940437492
Energy_Normalized_By_Volume_Rolling_7d_Std,0.0009998022980694673
Freq_Intensity_Product_Rolling_14d_Std,0.0009977805131675896
Volume_m3_per_day_sqr_Lag_1,0.0009940273811344874
Energy_per_Volume_log_Rolling_7d_Mean,0.0009938585954104415
Volume_Change_Rate_Diff_1,0.0009918920484601936
Cumulative_Energy_Density_Rolling_7d_Std,0.0009907982660419742
Duration_days_Diff_7,0.0009881820878548393
Total_Daily_Energy_Ratio_Diff_7,0.0009794988122144813
Energy_Unit_log_Rolling_14d_Min,0.0009685269388872747
Energy_per_Volume_log_Lag_7,0.000967905109003331
Energy_density_Joule_sqr_Rolling_14d_Mean,0.0009677496047010572
Total_Daily_Energy_Ratio_Rolling_3d_Min,0.0009647004671571786
Energy_Efficiency_Per_Day_Rolling_7d_Max,0.0009642552887968411
Energy_Unit_log_Diff_1,0.0009602519425023101
Duration_days_Lag_3,0.0009554529597076998
Volume_m3_per_day_sqr_Rolling_3d_Max,0.0009523805802519834
Energy_Joule_per_day_sqr_Rolling_3d_Max,0.0009499515808377231
Energy_Release_Rate_Rolling_3d_Std,0.000949940151727209
Volume_m3_sqr_Rolling_30d_Mean,0.0009424431419648756
Duration_days_Rolling_3d_Min,0.0009315255910099752
Volume_Efficiency_Per_Day_Rolling_7d_Max,0.0009303720072242131
Cumulative_Volume_Diff_7,0.0009284373322305432
Energy_density_Joule_sqr_Rolling_7d_Max,0.0009280172967157243
Energy_Efficiency_Per_Day_Lag_3,0.0009277980742599261
Volume_Change_Rate_Rolling_3d_Max,0.0009277965956473825
Energy_Deviation_From_Median_Rolling_30d_Mean,0.0009273721092403766
Energy_Deviation_From_Median_Rolling_14d_Mean,0.0009256068799707928
Volume_Daily_Ratio_Lag_1,0.000924054983858721
Duration_days_Rolling_7d_Mean,0.0009239084954459346
Duration_days_Lag_2,0.0009208174391327414
Duration_days,0.0009184348633812332
Total_Daily_Energy_Ratio_Rolling_3d_Mean,0.0009181737482691276
Volume_m3_per_day_sqr_Lag_7,0.0009118053227000734
Energy_Unit_log_Rolling_14d_Mean,0.0009106754293638306
Energy_Joule_per_day_sqr_Rolling_14d_Mean,0.0009035386422414565
Duration_days_Lag_1,0.0009003609380535583
Energy_Volume_Ratio_Enhanced,0.0008964540164121518
Energy_Volume_Ratio_Enhanced_Rolling_30d_Mean,0.0008963775780509633
Energy_Joule_per_day_sqr_Diff_7,0.0008959272613228329
Energy_Joule_per_day_sqr_Rolling_3d_Mean,0.0008927795796943055
Energy_density_Joule_sqr_Lag_3,0.0008918821013423931
Energy_Volume_Ratio_Enhanced_Lag_3,0.0008916285579643852
Energy_Deviation_From_Median_Rolling_3d_Mean,0.0008848489938280854
Volume_Energy_Stability_Ratio_Rolling_14d_Mean,0.0008846819391046906
Energy_Unit_log_Rolling_7d_Min,0.0008771031111687921
Volume_Daily_Ratio_Rolling_3d_Mean,0.0008728694302566289
Volume_m3_per_day_sqr_Rolling_30d_Std,0.0008722457516888434
Volume_Efficiency_Per_Day_Rolling_30d_Max,0.000872067459503498
Energy_density_Joule_sqr_Rolling_3d_Std,0.0008709631912855664
Volume_m3_sqr_Rolling_7d_Min,0.0008689440173802669
Energy_Deviation_From_Median_Rolling_14d_Std,0.000866826325146692
Energy_Joule_per_day_sqr_Rolling_7d_Mean,0.0008649958297560204
Volume_m3_sqr_Rolling_7d_Max,0.0008608680899507218
Volume_Change_Rate_Lag_2,0.000860462872806166
Event_freq_unit_per_day_log_Rolling_3d_Mean,0.0008598593914993247
Total_Daily_Energy_Ratio_Rolling_7d_Max,0.0008598156445610921
Energy_density_Joule_sqr_Lag_2,0.0008548772866970774
Energy_Release_Rate_Rolling_30d_Mean,0.0008533990887776251
Energy_Joule_per_day_sqr_Rolling_7d_Min,0.0008473965436545817
Energy_Release_Rate,0.0008467441468973151
Total_Daily_Energy_Ratio_Rolling_30d_Mean,0.0008442084909653743
Volume_m3_per_day_sqr_Lag_3,0.0008420037030790765
Duration_days_Lag_7,0.0008405307756526319
Volume_Energy_Stability_Ratio_Lag_1,0.0008397062806884209
Energy_Normalized_By_Volume_Diff_7,0.0008381902810836813
Total_Daily_Energy_Ratio_Lag_7,0.0008359562149864386
Volume_Change_Rate_Rolling_3d_Std,0.0008345953506215292
Duration_days_Diff_1,0.0008318746154425455
Total_Daily_Energy_Ratio_Rolling_3d_Std,0.000831724918850521
Volume_m3_sqr_Rolling_14d_Max,0.0008310207025084029
Volume_Efficiency_Per_Day_Lag_3,0.0008296932175583373
Energy_Deviation_From_Median_Rolling_30d_Min,0.0008286092425011131
Volume_Change_Rate_Rolling_3d_Mean,0.0008279945466370309
Volume_m3_sqr_Rolling_3d_Max,0.0008270682419974256
Energy_Release_Rate_Rolling_7d_Mean,0.0008254119177946025
Energy_Normalized_By_Volume_Rolling_14d_Min,0.0008240805142730457
Energy_Normalized_By_Volume_Rolling_3d_Mean,0.0008233398819002979
Energy_Deviation_From_Median_Lag_7,0.000822938706676869
Volume_Daily_Ratio_Lag_2,0.0008222014354256874
Energy_Efficiency_Per_Day_Diff_7,0.0008212373761704153
Volume_m3_per_day_sqr_Rolling_3d_Min,0.0008209629825397124
Volume_m3_per_day_sqr_Rolling_7d_Std,0.0008204772512163058
Energy_per_Volume_log_Rolling_14d_Mean,0.0008191801952494474
Volume_Change_Rate_Rolling_3d_Min,0.0008152010195084662
Energy_Unit_log_Rolling_14d_Std,0.0008150252464591083
Volume_Daily_Ratio_Rolling_3d_Min,0.0008115856254925156
Energy_Efficiency_Per_Day_Rolling_3d_Max,0.0008107882535438975
Energy_Volume_Ratio_Enhanced_Rolling_3d_Mean,0.0008082435017933457
Volume_Efficiency_Per_Day_Rolling_3d_Min,0.0008079659859732145
Energy_Joule_per_day_sqr_Rolling_3d_Min,0.0008051974085542146
Volume_m3_sqr_Rolling_7d_Std,0.0008051107053159348
Energy_per_Volume_log_Rolling_3d_Std,0.0008048720335551307
Energy_per_Volume_log_Rolling_7d_Max,0.0008046548622904612
Event_freq_unit_per_day_log_Rolling_14d_Std,0.0008035728549914149
Energy_Release_Rate_Rolling_7d_Min,0.0008022522775906385
Volume_m3_sqr,0.0008007580627282068
Total_Daily_Energy_Ratio_Rolling_30d_Max,0.0008005792157276245
Volume_Efficiency_Per_Day_Rolling_3d_Std,0.0007989145015276115
Event_freq_unit_per_day_log_Rolling_30d_Std,0.0007985124791107392
Energy_Efficiency_Per_Day_Rolling_7d_Std,0.0007971848413623852
Volume_m3_per_day_sqr_Rolling_3d_Mean,0.0007971283973016349
Event_freq_unit_per_day_log_Rolling_7d_Std,0.0007930419454437163
Volume_Energy_Stability_Ratio_Lag_2,0.0007927732536334553
Energy_Unit_log_Rolling_3d_Mean,0.0007920485563928357
Energy_Unit_log_Rolling_7d_Std,0.0007913379820285767
Energy_Release_Rate_Rolling_30d_Min,0.0007880972900691563
Volume_Efficiency_Per_Day_Lag_1,0.0007871294309274247
Volume_Efficiency_Per_Day_Rolling_7d_Std,0.0007870795188213403
Volume_Daily_Ratio_Rolling_14d_Min,0.000786689136167047
Energy_Deviation_From_Median_Rolling_3d_Max,0.0007862730142755437
Volume_m3_sqr_Lag_3,0.0007838762780978681
Volume_Efficiency_Per_Day_Rolling_7d_Min,0.0007787664432521221
Intensity_Level_encoded_Rolling_30d_Mean,0.0007784894368676141
Volume_Daily_Ratio_Rolling_7d_Mean,0.0007776705212710954
Volume_Change_Rate_Rolling_14d_Max,0.0007771558792620697
Energy_Volume_Ratio_Enhanced_Rolling_3d_Max,0.0007764660577912289
Energy_Normalized_By_Volume_Rolling_14d_Mean,0.0007744788074253117
Volume_Efficiency_Per_Day_Lag_2,0.0007709775224164978
Energy_Release_Rate_Rolling_7d_Max,0.0007672837089036771
Volume_m3_sqr_Lag_1,0.0007668975135250392
Energy_density_Joule_sqr_Rolling_7d_Mean,0.0007618272125534863
Volume_Change_Rate_Rolling_7d_Min,0.0007571636263965506
Duration_days_Rolling_14d_Std,0.0007562472244719442
Volume_Change_Rate_Lag_1,0.000753762210827439
Energy_Normalized_By_Volume_Lag_2,0.0007533181644565644
Duration_days_Rolling_7d_Max,0.0007524844233352834
Energy_Joule_per_day_sqr_Rolling_7d_Std,0.0007497725213066669
Event_freq_unit_per_day_log_Rolling_7d_Mean,0.0007457460204294554
Energy_Release_Rate_Rolling_14d_Mean,0.0007428427865978837
Energy_Normalized_By_Volume_Rolling_30d_Min,0.0007423786913862032
Energy_per_Volume_log_Rolling_30d_Std,0.0007420505919931539
Energy_Normalized_By_Volume_Rolling_30d_Std,0.0007411210246155253
Energy_Normalized_By_Volume_Lag_3,0.0007379058435851211
Total_Daily_Energy_Ratio_Rolling_7d_Mean,0.0007362047381898856
Energy_Deviation_From_Median_Rolling_14d_Min,0.0007361459103547673
Event_freq_unit_per_day_log_Lag_3,0.0007358757226492541
Energy_Joule_per_day_sqr_Lag_7,0.0007336697558412334
Energy_Release_Rate_Diff_1,0.0007288047320967757
Energy_Volume_Ratio_Enhanced_Lag_1,0.0007275140823739267
Duration_days_Rolling_3d_Mean,0.0007274322856761814
Energy_Volume_Ratio_Enhanced_Lag_7,0.0007241445649359705
Energy_Normalized_By_Volume_Rolling_3d_Min,0.0007228812949182635
Energy_Joule_per_day_sqr_Rolling_30d_Std,0.000721014296105017
Event_freq_unit_per_day_log_Rolling_7d_Max,0.0007203337235295354
Event_freq_unit_per_day_log_Rolling_30d_Mean,0.000719466463273446
Volume_m3_sqr_Rolling_14d_Min,0.0007191902988933171
Event_freq_unit_per_day_log_Rolling_14d_Mean,0.0007183602568622198
Volume_Daily_Ratio_Rolling_14d_Mean,0.0007169403277087291
Energy_Normalized_By_Volume_Rolling_7d_Mean,0.0007160208585964913
Energy_Efficiency_Per_Day_Rolling_30d_Std,0.0007155170255244335
Energy_Joule_per_day_sqr_Rolling_14d_Min,0.0007126767581693865
Duration_days_Rolling_14d_Mean,0.000710908618293906
Energy_Deviation_From_Median_Rolling_14d_Max,0.0007064644935010814
Volume_Energy_Stability_Ratio_Lag_7,0.0007053984688815319
Volume_m3_per_day_sqr_Rolling_14d_Max,0.0007052477842314618
Volume_Efficiency_Per_Day_Rolling_14d_Min,0.0007036014017584773
Energy_Efficiency_Per_Day_Lag_7,0.0007033902894507284
Volume_m3_per_day_sqr_Lag_2,0.0007017235515694456
Volume_Efficiency_Per_Day_Rolling_30d_Std,0.0007003564880079472
Energy_Efficiency_Per_Day_Rolling_7d_Mean,0.0006994700365467065
Energy_Joule_per_day_sqr_Rolling_14d_Std,0.0006990964636067907
Energy_Efficiency_Per_Day_Rolling_3d_Mean,0.0006972810902666193
Energy_Volume_Ratio_Enhanced_Rolling_30d_Min,0.0006960776611832717
Energy_Deviation_From_Median_Rolling_7d_Max,0.0006933244002731842
Energy_Release_Rate_Diff_7,0.0006881212599208255
Cumulative_Volume_Rolling_3d_Std,0.0006857827257978884
Event_freq_unit_per_day_log_Rolling_3d_Min,0.0006844079592732706
Duration_days_Rolling_30d_Std,0.000683210425523851
Volume_Change_Rate_Rolling_7d_Max,0.0006828995877441323
Energy_Efficiency_Per_Day_Rolling_7d_Min,0.0006827895940586205
Total_Daily_Energy_Ratio_Rolling_14d_Std,0.0006801492056654136
Energy_Unit_log,0.000679557991941686
Volume_Efficiency_Per_Day_Diff_7,0.0006753517238281033
Energy_Deviation_From_Median,0.000671518245283095
Energy_Release_Rate_Rolling_7d_Std,0.0006696003899728238
Energy_Deviation_From_Median_Diff_7,0.0006693877058298325
Energy_Efficiency_Per_Day_Lag_2,0.0006677703583994617
Volume_m3_per_day_sqr_Rolling_7d_Mean,0.0006663884382622549
Energy_Normalized_By_Volume_Rolling_30d_Mean,0.0006655645629931136
Energy_Efficiency_Per_Day_Rolling_14d_Max,0.0006651630585268875
Energy_Volume_Ratio_Enhanced_Rolling_14d_Std,0.0006643901420130882
Energy_Normalized_By_Volume_Lag_1,0.0006637214429581769
Duration_days_Rolling_14d_Min,0.0006621212941993749
Energy_density_Joule_sqr_Rolling_3d_Max,0.0006602625827578435
Energy_per_Volume_log_Rolling_7d_Min,0.0006593762916983737
Energy_Release_Rate_Rolling_3d_Min,0.0006593479369592014
Volume_Change_Rate_Rolling_7d_Std,0.0006581730900996875
Energy_Joule_per_day_sqr_Lag_1,0.0006550356949394973
Energy_Release_Rate_Lag_3,0.000654082980913107
Energy_Joule_per_day_sqr_Lag_3,0.0006523811209186621
Total_Daily_Energy_Ratio_Lag_1,0.0006508682772914
Energy_Normalized_By_Volume_Rolling_7d_Max,0.0006498977268399175
Volume_Energy_Stability_Ratio_Lag_3,0.0006497574376793853
Energy_Release_Rate_Rolling_3d_Max,0.0006456533232179178
Energy_Unit_log_Diff_7,0.0006442934971980596
Freq_Intensity_Product_Rolling_14d_Max,0.0006424648070556883
Energy_Unit_log_Rolling_3d_Min,0.0006411518284598312
Energy_per_Volume_log_Rolling_30d_Mean,0.0006410217655746833
Volume_Efficiency_Per_Day_Rolling_14d_Std,0.0006407159435721661
Energy_Deviation_From_Median_Lag_1,0.0006398419568090761
Energy_Deviation_From_Median_Rolling_7d_Min,0.0006389367950395785
Volume_m3_sqr_Diff_1,0.0006355347360332377
Energy_density_Joule_sqr_Rolling_30d_Min,0.000633775547723767
Total_Daily_Energy_Ratio_Rolling_30d_Std,0.0006327360324310442
Energy_Deviation_From_Median_Rolling_30d_Std,0.0006325523006559981
Cumulative_Energy_Density_Rolling_14d_Std,0.0006310311409918002
Volume_m3_sqr_Rolling_14d_Mean,0.0006290144051859328
Energy_Volume_Ratio_Enhanced_Rolling_30d_Max,0.000626621243366344
Energy_Efficiency_Per_Day_Rolling_14d_Min,0.0006262601703145964
Energy_Deviation_From_Median_Diff_1,0.0006262601644702313
Energy_Joule_per_day_sqr_Rolling_30d_Mean,0.0006236404213848182
Energy_Efficiency_Per_Day_Rolling_14d_Std,0.0006219442372666335
Volume_m3_sqr_Rolling_14d_Std,0.0006207122272823265
Energy_Release_Rate_Rolling_14d_Std,0.0006149356986607363
Energy_Volume_Ratio_Enhanced_Rolling_14d_Min,0.0006133840301121182
Volume_Change_Rate_Rolling_14d_Std,0.0006120857723341352
Volume_Daily_Ratio_Rolling_3d_Max,0.0006120850246824309
Cumulative_Energy_Density_Rolling_30d_Std,0.000610533013431391
Volume_Change_Rate_Rolling_30d_Std,0.0006097933343233667
Energy_Unit_log_Lag_7,0.00060727100018024
Energy_Unit_log_Rolling_30d_Max,0.0006070173759034147
Volume_Efficiency_Per_Day_Rolling_14d_Max,0.0006063764121078487
Energy_per_Volume_log_Lag_1,0.000605454054614358
Energy_Release_Rate_Lag_2,0.0006053112222460838
Energy_Efficiency_Per_Day_Rolling_3d_Min,0.0006049301300089266
Energy_Normalized_By_Volume_Rolling_3d_Std,0.000602408227955861
Volume_Daily_Ratio_Rolling_30d_Std,0.0006020560711568144
Volume_Change_Rate_Rolling_7d_Mean,0.0006015097836627897
Volume_Change_Rate,0.0006007975695340096
Volume_Daily_Ratio_Rolling_30d_Max,0.0005989877429956441
Total_Daily_Energy_Ratio_Lag_3,0.0005975061578325343
Volume_Energy_Stability_Ratio_Rolling_7d_Min,0.0005967275381755153
Volume_m3_per_day_sqr_Rolling_7d_Max,0.0005960550745994388
Energy_Normalized_By_Volume_Rolling_7d_Min,0.0005946001486591048
Energy_Efficiency_Per_Day_Diff_1,0.0005938260469628945
Volume_Efficiency_Per_Day_Rolling_14d_Mean,0.0005936778327058886
Event_freq_unit_per_day_log_Rolling_30d_Min,0.0005919668651090907
Energy_density_Joule_sqr_Rolling_14d_Max,0.0005842376442075596
Energy_Normalized_By_Volume_Lag_7,0.000580956178267671
Energy_Unit_log_Rolling_30d_Mean,0.0005775029562407251
Volume_Daily_Ratio_Rolling_7d_Min,0.0005736674274287963
Energy_per_Volume_log_Lag_3,0.0005713505024094017
Energy_Volume_Ratio_Enhanced_Rolling_7d_Min,0.0005701797271066742
Volume_Daily_Ratio_Lag_7,0.0005697116053633648
Energy_Deviation_From_Median_Lag_2,0.000568556765407322
Energy_Unit_log_Lag_3,0.0005662624043851817
Total_Daily_Energy_Ratio_Rolling_14d_Max,0.000561808748846767
Energy_Unit_log_Rolling_3d_Std,0.0005617220992592483
Volume_Energy_Stability_Ratio_Rolling_30d_Min,0.0005593339286648594
Energy_Volume_Ratio_Enhanced_Rolling_7d_Std,0.0005531899607362103
Energy_Volume_Ratio_Enhanced_Lag_2,0.0005468467233156558
Duration_days_Rolling_30d_Mean,0.0005434873570190167
Energy_Volume_Ratio_Enhanced_Rolling_14d_Mean,0.0005426154222178894
Energy_Unit_log_Lag_1,0.0005401452191275938
Total_Daily_Energy_Ratio_Rolling_7d_Std,0.0005370380076972188
Energy_Volume_Ratio_Enhanced_Rolling_7d_Mean,0.0005367052298770174
High_Energy_Density_Flag_Diff_7,0.0005359943004416603
Volume_m3_per_day_sqr_Rolling_3d_Std,0.0005350486204182177
Volume_m3_per_day_sqr_Rolling_7d_Min,0.0005342794203948613
Volume_Energy_Stability_Ratio_Rolling_14d_Std,0.0005320777475305197
Volume_m3_sqr_Rolling_3d_Mean,0.0005312478979640772
Volume_m3_per_day_sqr_Rolling_14d_Min,0.0005310323674083054
Energy_Normalized_By_Volume_Rolling_30d_Max,0.00052797289662527
Freq_Intensity_Product_Rolling_30d_Max,0.0005264836652754087
Freq_Intensity_Product_Rolling_30d_Std,0.000526432759094413
Volume_Efficiency_Per_Day_Rolling_30d_Min,0.0005245177040369586
Cumulative_Energy_Density_Lag_7,0.0005236331209175777
Volume_m3_per_day_sqr_Rolling_14d_Mean,0.0005234764327729598
Event_freq_unit_per_day_log_Rolling_14d_Max,0.0005203451689962339
Energy_per_Volume_log_Rolling_30d_Min,0.0005202040425593466
Volume_Energy_Stability_Ratio_Rolling_14d_Min,0.0005161593806732472
Cumulative_Volume_Rolling_14d_Min,0.0005149723296858423
Volume_m3_per_day_sqr_Rolling_30d_Max,0.0005145351734642543
Energy_Joule_per_day_sqr_Rolling_14d_Max,0.0005118944751674958
Energy_Release_Rate_Rolling_14d_Min,0.0005068492056697906
Energy_Unit_log_Rolling_7d_Max,0.0005047001903002406
Energy_Unit_log_Rolling_30d_Min,0.0005040626245522332
Volume_m3_sqr_Rolling_30d_Max,0.0005040160740275113
Volume_Efficiency_Per_Day_Lag_7,0.0005024503745701356
Energy_Joule_per_day_sqr_Rolling_30d_Max,0.0005024345151591673
Volume_Change_Rate_Lag_7,0.0005023195986079312
Event_freq_unit_per_day_log_Rolling_30d_Max,0.0005020551982443098
Volume_Energy_Stability_Ratio_Rolling_3d_Mean,0.0005012912946786306
Energy_density_Joule_sqr_Rolling_30d_Std,0.0005009228136905768
Energy_Volume_Ratio_Enhanced_Rolling_30d_Std,0.0004934782662552574
Cumulative_Energy_Density,0.00048366488109664277
High_Frequency_Events_Rolling_30d_Std,0.0004814541693844388
Volume_Energy_Stability_Ratio_Rolling_30d_Max,0.00048114388749292774
Volume_Efficiency_Per_Day_Rolling_30d_Mean,0.0004789125114228627
Volume_m3_sqr_Rolling_30d_Std,0.00047890229710581756
Volume_m3_sqr_Rolling_3d_Std,0.0004772043635303448
Energy_Efficiency_Per_Day,0.000476281402346688
Energy_Volume_Ratio_Enhanced_Rolling_7d_Max,0.00047397545161238205
Stability_Risk_Category,0.00047236137545557963
Volume_Efficiency_Per_Day_Rolling_3d_Mean,0.00046754208159587257
Volume_m3_per_day_sqr_Rolling_30d_Min,0.0004670132370961694
Volume_Energy_Stability_Ratio_Rolling_7d_Std,0.00046554959659698524
Volume_Daily_Ratio_Rolling_7d_Std,0.00046553295198844717
Volume_Change_Rate_Rolling_30d_Min,0.00046207327758123563
Total_Daily_Energy_Ratio_Rolling_7d_Min,0.00046140311602809115
Cumulative_Volume_Rolling_7d_Max,0.0004611042585905298
Energy_Release_Rate_Rolling_30d_Max,0.00045920142557685735
Volume_m3_sqr_Diff_7,0.00045863833497020347
Cumulative_Energy_Density_Rolling_3d_Max_Squared,0.000457847397547366
Energy_Deviation_From_Median_Lag_3,0.00045751193850500783
Cumulative_Volume_Rolling_14d_Std,0.0004564956791967655
Volume_m3_sqr_Lag_7,0.0004538748961799961
Freq_Intensity_Product_Lag_3,0.00045291456144901224
Volume_Daily_Ratio_Rolling_14d_Max,0.0004524612463950911
Energy_per_Volume_log_Rolling_14d_Max,0.00044848192778575906
Total_Daily_Energy_Ratio_Rolling_3d_Max,0.0004435077904138276
Energy_density_Joule_sqr_Rolling_7d_Min,0.00044341065881730213
Volume_m3_sqr_Rolling_7d_Mean,0.0004424574923296749
High_Energy_Density_Flag_Rolling_14d_Std,0.00043631574944615807
Duration_days_Rolling_7d_Min,0.0004316099263943155
Energy_Efficiency_Per_Day_Lag_1,0.0004294800577096505
Cumulative_Volume_Lag_2,0.00042929521490293627
Volume_Efficiency_Per_Day_Diff_1,0.0004289027194944269
Cumulative_Energy_Density_Rolling_30d_Max_X_Cumulative_Energy_Density_Rolling_7d_Mean,0.0004287158452962117
Energy_Deviation_From_Median_Rolling_7d_Std,0.0004268322288128329
Energy_Unit_log_Rolling_30d_Std,0.0004266652309210534
Volume_Change_Rate_Rolling_30d_Mean,0.00042641101204893837
Cumulative_Volume_Rolling_30d_Max,0.00041891975280226634
Energy_per_Volume_log_Rolling_3d_Max,0.0004172891323673629
Energy_Efficiency_Per_Day_Rolling_30d_Mean,0.0004171041300017689
High_Frequency_Events_Rolling_7d_Mean,0.00041640215044373913
High_Energy_Density_Flag_Rolling_30d_Mean,0.00041515364722564583
Volume_Daily_Ratio_Rolling_30d_Min,0.00041420932459524827
Total_Daily_Energy_Ratio_Rolling_30d_Min,0.00041136337611237506
Energy_per_Volume_log_Rolling_14d_Min,0.00040944668623163087
Energy_Normalized_By_Volume_Rolling_14d_Max,0.00040892389898463316
Volume_m3_per_day_sqr_Rolling_30d_Mean,0.0004013939819550515
Energy_per_Volume_log_Rolling_30d_Max,0.0004011070458042382
Energy_density_Joule_sqr_Rolling_30d_Mean,0.0003977490883568206
Duration_days_Rolling_30d_Max,0.0003970446819522909
Energy_per_Volume_log_Rolling_14d_Std,0.00039702947285838035
Total_Daily_Energy_Ratio_Rolling_14d_Mean,0.00039696323547764705
Cumulative_Volume_Diff_1,0.00039681639411280297
Energy_Volume_Ratio_Enhanced_Rolling_14d_Max,0.0003881710394279844
Duration_days_Rolling_30d_Min,0.0003870089710710177
Event_freq_unit_per_day_log_Rolling_14d_Min,0.0003847500934390017
Energy_Volume_Ratio_Enhanced_Diff_7,0.0003831337422225296
Cumulative_Energy_Density_Rolling_30d_Mean,0.00037885338968071826
Cumulative_Energy_Density_Lag_3_Squared,0.00037780191989748196
Volume_Efficiency_Per_Day_Rolling_3d_Max,0.00036956347622339297
Intensity_Level_encoded_Rolling_14d_Max,0.0003691910898238903
Volume_Daily_Ratio_Rolling_30d_Mean,0.0003691876692440129
Cumulative_Energy_Density_Rolling_7d_Max_Squared,0.00036595728239369445
Cumulative_Energy_Density_Rolling_30d_Max_X_Cumulative_Energy_Density_Lag_1,0.0003620464072906765
Energy_Efficiency_Per_Day_Rolling_30d_Min,0.0003610096049642637
Volume_m3_sqr_Lag_2,0.0003579994696356705
Event_freq_unit_per_day_log_Rolling_7d_Min,0.0003578707842737803
Energy_Unit_log_Rolling_3d_Max,0.00035690914569882733
Volume_Energy_Stability_Ratio_Rolling_7d_Max,0.00035624645225006786
Cumulative_Energy_Density_Rolling_30d_Max_X_Cumulative_Energy_Density_Rolling_14d_Max,0.0003486208805871529
Cumulative_Energy_Density_Rolling_7d_Min,0.0003451593624746173
Cumulative_Energy_Density_Lag_2,0.0003445973739545267
Energy_Joule_per_day_sqr_Rolling_7d_Max,0.0003441379832713156
Energy_Unit_log_Rolling_14d_Max,0.0003429193776258224
Volume_Energy_Stability_Ratio_Rolling_14d_Max,0.0003424357668080226
Volume_Daily_Ratio_Rolling_7d_Max,0.0003325575856568044
Duration_days_Rolling_14d_Max,0.0003321456458504361
Cumulative_Energy_Density_Rolling_14d_Min,0.0003204829249989502
Cumulative_Energy_Density_Lag_3_Cubed,0.0003165832383958188
Energy_Efficiency_Per_Day_Rolling_30d_Max,0.0003154557130542313
Cumulative_Energy_Density_Rolling_14d_Max_Squared,0.0003110532906466288
Volume_Change_Rate_Rolling_14d_Min,0.00030706951545561616
Cumulative_Energy_Density_Rolling_30d_Max_X_Cumulative_Energy_Density_Rolling_3d_Mean,0.0002962762307805737
Cumulative_Energy_Density_Squared,0.000290542942565162
Cumulative_Energy_Density_Lag_1_Cubed,0.00029010764212874737
Cumulative_Volume,0.00028893979588977286
Cumulative_Energy_Density_Rolling_3d_Mean_Squared,0.0002838587736298683
High_Energy_Density_Flag_Rolling_14d_Mean,0.00028056327422018064
High_Frequency_Events_Diff_1,0.00028002492045018127
Cumulative_Volume_Rolling_3d_Min,0.0002797292864731627
Cumulative_Energy_Density_Rolling_30d_Max_X_Cumulative_Energy_Density_Rolling_3d_Min,0.00027820268806240123
Cumulative_Energy_Density_Rolling_3d_Mean,0.00027584465047364345
Cumulative_Volume_Rolling_30d_Min,0.000275780346720181
Energy_density_Joule_sqr_Rolling_30d_Max,0.000275059292074412
Cumulative_Volume_Rolling_14d_Max,0.0002740109439644045
Energy_Release_Rate_Lag_1,0.0002687940747565539
Cumulative_Energy_Density_Rolling_30d_Max_Cubed,0.00026598960874441274
Cumulative_Energy_Density_Rolling_30d_Max_X_Cumulative_Energy_Density_Rolling_7d_Max,0.0002655002612829051
Volume_Energy_Stability_Ratio_Rolling_7d_Mean,0.0002648169632042866
Cumulative_Energy_Density_Rolling_3d_Min_Squared,0.00025911805955528726
High_Energy_Density_Flag_Rolling_3d_Mean,0.00025899334265702055
Cumulative_Energy_Density_Rolling_3d_Min_Cubed,0.0002583753412938507
High_Frequency_Events_Lag_7,0.00025795390648751965
Cumulative_Energy_Density_Rolling_14d_Max,0.00025730369894301464
Volume_m3_sqr_Rolling_30d_Min,0.00025690382984758535
Cumulative_Volume_Rolling_3d_Max,0.00025574374928251636
Total_Daily_Energy_Ratio_Rolling_14d_Min,0.0002546828993774615
Volume_Change_Rate_Rolling_30d_Max,0.00025112355549838765
High_Frequency_Events_Rolling_30d_Mean,0.00024384809934032965
Energy_Unit_log_Lag_2,0.00024299670162593562
Energy_Release_Rate_Rolling_14d_Max,0.00024230973938563062
Cumulative_Energy_Density_Rolling_30d_Max_Squared,0.00023946907573714105
Volume_m3_sqr_Rolling_3d_Min,0.00023719460708401032
Cumulative_Energy_Density_Rolling_7d_Max_Cubed,0.00023669460437953353
Cumulative_Energy_Density_Rolling_3d_Mean_Cubed,0.00022498465409181745
Cumulative_Energy_Density_Rolling_30d_Max_X_Cumulative_Energy_Density_Lag_2,0.00022451936015838248
High_Energy_Density_Flag_Rolling_7d_Mean,0.00022364391981524712
Cumulative_Volume_Rolling_7d_Mean,0.00022207981203119332
Energy_Joule_per_day_sqr_Rolling_30d_Min,0.0002190158387824597
Cumulative_Volume_Lag_1,0.00021641919150247593
Energy_Deviation_From_Median_Rolling_30d_Max,0.0002144864100726173
High_Frequency_Events_Lag_1,0.00021349987534637448
Cumulative_Energy_Density_Rolling_3d_Min,0.00020838735773050557
Cumulative_Energy_Density_Rolling_7d_Max,0.00020160722375176882
Cumulative_Energy_Density_Rolling_7d_Mean,0.00020054921186561165
Cumulative_Volume_Rolling_3d_Mean,0.00019955787911824806
Energy_Deviation_From_Median_Rolling_3d_Min,0.00019672612697230015
High_Frequency_Events_Diff_7,0.0001965041003465699
Energy_Normalized_By_Volume_Rolling_14d_Std,0.00019509477748309907
Cumulative_Energy_Density_Lag_3,0.00019463996491589762
High_Frequency_Events_Rolling_14d_Std,0.0001835407140113258
High_Energy_Density_Flag_Rolling_30d_Std,0.00018010731444443215
Freq_Intensity_Product_Rolling_14d_Min,0.00017524172458520572
Cumulative_Energy_Density_Lag_1,0.0001731485895510828
Cumulative_Volume_Rolling_30d_Std,0.00017043730841786146
Cumulative_Energy_Density_Lag_2_Squared,0.00015505724650432214
Cumulative_Energy_Density_Rolling_30d_Max,0.0001539068426952068
High_Energy_Density_Flag_Rolling_3d_Max,0.00015388913855549213
High_Energy_Density_Flag_Rolling_7d_Std,0.00015209835690145626
High_Frequency_Events_Rolling_7d_Max,0.0001496635981178397
Cumulative_Energy_Density_Cubed,0.0001485497710752127
High_Energy_Density_Flag_Diff_1,0.00014518455548268096
Cumulative_Energy_Density_Rolling_3d_Max,0.00013499949814391776
High_Frequency_Events_Lag_3,0.00013317454665152123
Cumulative_Volume_Rolling_14d_Mean,0.00013208752167747633
Cumulative_Energy_Density_Rolling_30d_Max_X_Cumulative_Energy_Density_Rolling_3d_Max,0.00012869653397785895
High_Frequency_Events_Rolling_7d_Std,0.0001265157955627213
Cumulative_Energy_Density_Rolling_30d_Max_X_Cumulative_Energy_Density_Lag_3,0.00012561863095378233
Cumulative_Energy_Density_Rolling_30d_Min,0.00012489313019514454
Cumulative_Volume_Rolling_7d_Min,0.0001216233999342458
Cumulative_Energy_Density_Lag_1_Squared,0.00011578999583778132
Cumulative_Energy_Density_Rolling_14d_Mean,0.00011503669692952684
High_Energy_Density_Flag_Rolling_7d_Max,0.0001120172718841954
Cumulative_Volume_Rolling_30d_Mean,0.00010832663061325348
Cumulative_Volume_Lag_7,0.00010147549844054033
Cumulative_Energy_Density_Rolling_30d_Max_X_Cumulative_Energy_Density,9.654158024515704e-05
Cumulative_Energy_Density_Lag_2_Cubed,7.150181423315436e-05
Intensity_Level_encoded_Rolling_14d_Min,6.797686146875797e-05
High_Energy_Density_Flag_Lag_3,6.401430929143732e-05
High_Energy_Density_Flag_Lag_2,5.899893097111073e-05
Cumulative_Energy_Density_Rolling_3d_Max_Cubed,5.777467926960064e-05
Cumulative_Energy_Density_Rolling_14d_Max_Cubed,5.683859957137673e-05
Intensity_Level_encoded_Lag_3,4.3102927434770225e-05
High_Frequency_Events_Rolling_3d_Mean,4.109427197216549e-05
High_Energy_Density_Flag_Rolling_3d_Min,2.533416966988572e-05
Intensity_Level_encoded_Rolling_30d_Min,2.4803321539005402e-05
High_Energy_Density_Flag_Lag_1,2.2150655607490378e-05
High_Frequency_Events_Rolling_14d_Mean,2.0876790402243565e-05
High_Frequency_Events_Rolling_3d_Std,1.411920847717277e-05
High_Frequency_Events_Rolling_3d_Max,1.3628086122690255e-05
High_Energy_Density_Flag_Rolling_3d_Std,1.3471846367064033e-05
Cumulative_Volume_Lag_3,3.143256816837742e-06
High_Frequency_Events_Rolling_30d_Min,0.0
High_Frequency_Events_Rolling_30d_Max,0.0
Freq_Intensity_Product_Rolling_30d_Min,0.0
High_Energy_Density_Flag_Rolling_14d_Min,0.0
High_Energy_Density_Flag_Rolling_14d_Max,0.0
High_Frequency_Events_Rolling_14d_Min,0.0
High_Frequency_Events_Rolling_7d_Min,0.0
High_Energy_Density_Flag_Rolling_30d_Min,0.0
High_Energy_Density_Flag_Rolling_30d_Max,0.0
High_Frequency_Events_Rolling_14d_Max,0.0
Intensity_Level_encoded_Rolling_30d_Max,0.0
High_Energy_Density_Flag_Lag_7,0.0
High_Frequency_Events_Lag_2,0.0
High_Frequency_Events_Rolling_3d_Min,0.0
High_Energy_Density_Flag_Rolling_7d_Min,0.0
